Kp1,Kp2,Ki1,Ki2,Kd1,Kd2
 0.000000,0.000000,0.000000,0.000000,0.000000,0.000000,
 0.000000,0.000000,0.000000,0.000000,0.000000,0.000000,
 0.000000,0.000000,0.000000,0.000000,0.000000,0.000000,
 0.000000,0.000000,0.000000,0.000000,0.000000,0.000000,
 0.000000,0.000000,0.000000,0.000000,0.000000,0.000000,
 0.000000,0.000000,0.000000,0.000000,0.000000,0.000000,
 0.000000,0.000000,0.000000,0.000000,0.000000,0.000000,
 0.000000,0.000000,0.000000,0.000000,0.000000,0.000000,
 0.000000,0.000000,0.000000,0.000000,0.000000,0.000000,
 0.000000,0.000000,0.000000,0.000000,0.000000,0.000000,
 0.000000,0.000000,0.000000,0.000000,0.000000,0.000000,
 0.000000,0.000000,0.000000,0.000000,0.000000,0.000000,
 0.000000,0.000000,0.000000,0.000000,0.000000,0.000000,
 0.000000,0.000000,0.000000,0.000000,0.000000,0.000000,
 0.000000,0.000000,0.000000,0.000000,0.000000,0.000000,
 0.000000,0.000000,0.000000,0.000000,0.000000,0.000000,
 0.000000,0.000000,0.000000,0.000000,0.000000,0.000000,
 0.000000,0.000000,0.000000,0.000000,0.000000,0.000000,
 0.000000,0.000000,0.000000,0.000000,0.000000,0.000000,
 0.000000,0.000000,0.000000,0.000000,0.000000,0.000000,
 0.000000,0.000000,0.000000,0.000000,0.000000,0.000000,
 0.000000,0.000000,0.000000,0.000000,0.000000,0.000000,
 0.000000,0.000000,0.000000,0.000000,0.000000,0.000000,
 0.000000,0.000000,0.000000,0.000000,0.000000,0.000000,
 0.000000,0.000000,0.000000,0.000000,0.000000,0.000000,
 0.000000,0.000000,0.000000,0.000000,0.000000,0.000000,
 0.000000,0.000000,0.000000,0.000000,0.000000,0.000000,
 0.000000,0.000000,0.000000,0.000000,0.000000,0.000000,
 0.000000,0.000000,0.000000,0.000000,0.000000,0.000000,
 0.000000,0.000000,0.000000,0.000000,0.000000,0.000000,
 0.000000,0.000000,0.000000,0.000000,0.000000,0.000000,
 0.000000,0.000000,0.000000,0.000000,0.000000,0.000000,
 0.000000,0.000000,0.000000,0.000000,0.000000,0.000000,
 0.000000,0.000000,0.000000,0.000000,0.000000,0.000000,
 0.000000,0.000000,0.000000,0.000000,0.000000,0.000000,
 0.000000,0.000000,0.000000,0.000000,0.000000,0.000000,
 0.000000,0.000000,0.000000,0.000000,0.000000,0.000000,
 0.000000,0.000000,0.000000,0.000000,0.000000,0.000000,
 0.000000,0.000000,0.000000,0.000000,0.000000,0.000000,
 0.000000,0.000000,0.000000,0.000000,0.000000,0.000000,
 0.000000,0.000000,0.000000,0.000000,0.000000,0.000000,
 0.000000,0.000000,0.000000,0.000000,0.000000,0.000000,
 0.000000,0.000000,0.000000,0.000000,0.000000,0.000000,
 0.000000,0.000000,0.000000,0.000000,0.000000,0.000000,
 0.000000,0.000000,0.000000,0.000000,0.000000,0.000000,
 0.000000,0.000000,0.000000,0.000000,0.000000,0.000000,
 0.000000,0.000000,0.000000,0.000000,0.000000,0.000000,
 0.000000,0.000000,0.000000,0.000000,0.000000,0.000000,
 0.000000,0.000000,0.000000,0.000000,0.000000,0.000000,
 0.000000,0.000000,0.000000,0.000000,0.000000,0.000000,
 0.000000,0.000000,0.000000,0.000000,0.000000,0.000000,
 0.000000,0.000000,0.000000,0.000000,0.000000,0.000000,
 0.000000,0.000000,0.000000,0.000000,0.000000,0.000000,
 0.000000,0.000000,0.000000,0.000000,0.000000,0.000000,
 0.000000,0.000000,0.000000,0.000000,0.000000,0.000000,
 0.000000,0.000000,0.000000,0.000000,0.000000,0.000000,
 0.000000,0.000000,0.000000,0.000000,0.000000,0.000000,
 0.000000,0.000000,0.000000,0.000000,0.000000,0.000000,
 0.000000,0.000000,0.000000,0.000000,0.000000,0.000000,
 0.000000,0.000000,0.000000,0.000000,0.000000,0.000000,
 0.000000,0.000000,0.000000,0.000000,0.000000,0.000000,
 0.000000,0.000000,0.000000,0.000000,0.000000,0.000000,
 0.000000,0.000000,0.000000,0.000000,0.000000,0.000000,
 0.000000,0.000000,0.000000,0.000000,0.000000,0.000000,
 0.000000,0.000000,0.000000,0.000000,0.000000,0.000000,
 0.000000,0.000000,0.000000,0.000000,0.000000,0.000000,
 0.000000,0.000000,0.000000,0.000000,0.000000,0.000000,
 0.000000,0.000000,0.000000,0.000000,0.000000,0.000000,
 0.000000,0.000000,0.000000,0.000000,0.000000,0.000000,
 0.000000,0.000000,0.000000,0.000000,0.000000,0.000000,
 0.000000,0.000000,0.000000,0.000000,0.000000,0.000000,
 0.000000,0.000000,0.000000,0.000000,0.000000,0.000000,
 0.000000,0.000000,0.000000,0.000000,0.000000,0.000000,
 0.000000,0.000000,0.000000,0.000000,0.000000,0.000000,
 0.000000,0.000000,0.000000,0.000000,0.000000,0.000000,
 0.000000,0.000000,0.000000,0.000000,0.000000,0.000000,
 0.000000,0.000000,0.000000,0.000000,0.000000,0.000000,
 0.000000,0.000000,0.000000,0.000000,0.000000,0.000000,
 0.000000,0.000000,0.000000,0.000000,0.000000,0.000000,
 0.000000,0.000000,0.000000,0.000000,0.000000,0.000000,
 0.000000,0.000000,0.000000,0.000000,0.000000,0.000000,
 0.000000,0.000000,0.000000,0.000000,0.000000,0.000000,
 0.000000,0.000000,0.000000,0.000000,0.000000,0.000000,
 0.000000,0.000000,0.000000,0.000000,0.000000,0.000000,
 0.000000,0.000000,0.000000,0.000000,0.000000,0.000000,
 0.000000,0.000000,0.000000,0.000000,0.000000,0.000000,
 0.000000,0.000000,0.000000,0.000000,0.000000,0.000000,
 0.000000,0.000000,0.000000,0.000000,0.000000,0.000000,
 0.000000,0.000000,0.000000,0.000000,0.000000,0.000000,
 0.000000,0.000000,0.000000,0.000000,0.000000,0.000000,
 0.000000,0.000000,0.000000,0.000000,0.000000,0.000000,
 0.000000,0.000000,0.000000,0.000000,0.000000,0.000000,
 0.000000,0.000000,0.000000,0.000000,0.000000,0.000000,
 0.000000,0.000000,0.000000,0.000000,0.000000,0.000000,
 0.000000,0.000000,0.000000,0.000000,0.000000,0.000000,
 0.000000,0.000000,0.000000,0.000000,0.000000,0.000000,
 0.000000,0.000000,0.000000,0.000000,0.000000,0.000000,
 0.000000,0.000000,0.000000,0.000000,0.000000,0.000000,
 0.000000,0.000000,0.000000,0.000000,0.000000,0.000000,
 0.000000,0.000000,0.000000,0.000000,0.000000,0.000000,
 0.000000,0.000000,0.000000,0.000000,0.000000,0.000000,
 0.000000,0.000000,0.000000,0.000000,0.000000,0.000000,
 0.000000,0.000000,0.000000,0.000000,0.000000,0.000000,
 0.000000,0.000000,0.000000,0.000000,0.000000,0.000000,
 0.000000,0.000000,0.000000,0.000000,0.000000,0.000000,
 0.000000,0.000000,0.000000,0.000000,0.000000,0.000000,
 0.000000,0.000000,0.000000,0.000000,0.000000,0.000000,
 0.000000,0.000000,0.000000,0.000000,0.000000,0.000000,
 0.000000,0.000000,0.000000,0.000000,0.000000,0.000000,
 0.000000,0.000000,0.000000,0.000000,0.000000,0.000000,
 0.000000,0.000000,0.000000,0.000000,0.000000,0.000000,
 0.000000,0.000000,0.000000,0.000000,0.000000,0.000000,
 0.000000,0.000000,0.000000,0.000000,0.000000,0.000000,
 0.000000,0.000000,0.000000,0.000000,0.000000,0.000000,
 0.000000,0.000000,0.000000,0.000000,0.000000,0.000000,
 0.000000,0.000000,0.000000,0.000000,0.000000,0.000000,
 0.000000,0.000000,0.000000,0.000000,0.000000,0.000000,
 0.000000,0.000000,0.000000,0.000000,0.000000,0.000000,
 0.000000,0.000000,0.000000,0.000000,0.000000,0.000000,
 0.000000,0.000000,0.000000,0.000000,0.000000,0.000000,
 0.000000,0.000000,0.000000,0.000000,0.000000,0.000000,
 0.000000,0.000000,0.000000,0.000000,0.000000,0.000000,
 0.000000,0.000000,0.000000,0.000000,0.000000,0.000000,
 0.000000,0.000000,0.000000,0.000000,0.000000,0.000000,
 0.000000,0.000000,0.000000,0.000000,0.000000,0.000000,
 0.000000,0.000000,0.000000,0.000000,0.000000,0.000000,
 0.000000,0.000000,0.000000,0.000000,0.000000,0.000000,
 0.000000,0.000000,0.000000,0.000000,0.000000,0.000000,
 0.000000,0.000000,0.000000,0.000000,0.000000,0.000000,
 0.000000,0.000000,0.000000,0.000000,0.000000,0.000000,
 0.000000,0.000000,0.000000,0.000000,0.000000,0.000000,
 0.000000,0.000000,0.000000,0.000000,0.000000,0.000000,
 0.000000,0.000000,0.000000,0.000000,0.000000,0.000000,
 0.000000,0.000000,0.000000,0.000000,0.000000,0.000000,
 0.000000,0.000000,0.000000,0.000000,0.000000,0.000000,
 0.000000,0.000000,0.000000,0.000000,0.000000,0.000000,
 0.000000,0.000000,0.000000,0.000000,0.000000,0.000000,
 0.000000,0.000000,0.000000,0.000000,0.000000,0.000000,
 0.000000,0.000000,0.000000,0.000000,0.000000,0.000000,
 0.000000,0.000000,0.000000,0.000000,0.000000,0.000000,
 0.000000,0.000000,0.000000,0.000000,0.000000,0.000000,
 0.000000,0.000000,0.000000,0.000000,0.000000,0.000000,
 0.000000,0.000000,0.000000,0.000000,0.000000,0.000000,
 0.000000,0.000000,0.000000,0.000000,0.000000,0.000000,
 0.000000,0.000000,0.000000,0.000000,0.000000,0.000000,
 0.000000,0.000000,0.000000,0.000000,0.000000,0.000000,
 0.000000,0.000000,0.000000,0.000000,0.000000,0.000000,
 0.000000,0.000000,0.000000,0.000000,0.000000,0.000000,
 0.000000,0.000000,0.000000,0.000000,0.000000,0.000000,
 0.000000,0.000000,0.000000,0.000000,0.000000,0.000000,
 0.000000,0.000000,0.000000,0.000000,0.000000,0.000000,
 0.000000,0.000000,0.000000,0.000000,0.000000,0.000000,
 0.000000,0.000000,0.000000,0.000000,0.000000,0.000000,
 0.000000,0.000000,0.000000,0.000000,0.000000,0.000000,
 0.000000,0.000000,0.000000,0.000000,0.000000,0.000000,
 0.000000,0.000000,0.000000,0.000000,0.000000,0.000000,
 0.000000,0.000000,0.000000,0.000000,0.000000,0.000000,
 0.000000,0.000000,0.000000,0.000000,0.000000,0.000000,
 0.000000,0.000000,0.000000,0.000000,0.000000,0.000000,
 0.000000,0.000000,0.000000,0.000000,0.000000,0.000000,
 0.000000,0.000000,0.000000,0.000000,0.000000,0.000000,
 0.000000,0.000000,0.000000,0.000000,0.000000,0.000000,
 0.000000,0.000000,0.000000,0.000000,0.000000,0.000000,
 0.000000,0.000000,0.000000,0.000000,0.000000,0.000000,
 0.000000,0.000000,0.000000,0.000000,0.000000,0.000000,
 0.000000,0.000000,0.000000,0.000000,0.000000,0.000000,
 0.000000,0.000000,0.000000,0.000000,0.000000,0.000000,
 0.000000,0.000000,0.000000,0.000000,0.000000,0.000000,
 0.000000,0.000000,0.000000,0.000000,0.000000,0.000000,
 0.000000,0.000000,0.000000,0.000000,0.000000,0.000000,
 0.000000,0.000000,0.000000,0.000000,0.000000,0.000000,
 0.000000,0.000000,0.000000,0.000000,0.000000,0.000000,
 0.000000,0.000000,0.000000,0.000000,0.000000,0.000000,
 0.000000,0.000000,0.000000,0.000000,0.000000,0.000000,
 0.000000,0.000000,0.000000,0.000000,0.000000,0.000000,
 0.000000,0.000000,0.000000,0.000000,0.000000,0.000000,
 0.000000,0.000000,0.000000,0.000000,0.000000,0.000000,
 0.000000,0.000000,0.000000,0.000000,0.000000,0.000000,
 0.000000,0.000000,0.000000,0.000000,0.000000,0.000000,
 0.000000,0.000000,0.000000,0.000000,0.000000,0.000000,
 0.000000,0.000000,0.000000,0.000000,0.000000,0.000000,
 0.000000,0.000000,0.000000,0.000000,0.000000,0.000000,
 0.000000,0.000000,0.000000,0.000000,0.000000,0.000000,
 0.000000,0.000000,0.000000,0.000000,0.000000,0.000000,
 0.000000,0.000000,0.000000,0.000000,0.000000,0.000000,
 0.000000,0.000000,0.000000,0.000000,0.000000,0.000000,
 0.000000,0.000000,0.000000,0.000000,0.000000,0.000000,
 0.000000,0.000000,0.000000,0.000000,0.000000,0.000000,
 0.000000,0.000000,0.000000,0.000000,0.000000,0.000000,
 0.000000,0.000000,0.000000,0.000000,0.000000,0.000000,
 0.000000,0.000000,0.000000,0.000000,0.000000,0.000000,
 0.000000,0.000000,0.000000,0.000000,0.000000,0.000000,
 0.000000,0.000000,0.000000,0.000000,0.000000,0.000000,
 0.000000,0.000000,0.000000,0.000000,0.000000,0.000000,
 0.000000,0.000000,0.000000,0.000000,0.000000,0.000000,
 0.000000,0.000000,0.000000,0.000000,0.000000,0.000000,
 0.000000,0.000000,0.000000,0.000000,0.000000,0.000000,
 0.000000,0.000000,0.000000,0.000000,0.000000,0.000000,
 0.000000,0.000000,0.000000,0.000000,0.000000,0.000000,
 0.000000,0.000000,0.000000,0.000000,0.000000,0.000000,
 0.000000,0.000000,0.000000,0.000000,0.000000,0.000000,
 0.000000,0.000000,0.000000,0.000000,0.000000,0.000000,
 0.000000,0.000000,0.000000,0.000000,0.000000,0.000000,
 0.000000,0.000000,0.000000,0.000000,0.000000,0.000000,
 0.000000,0.000000,0.000000,0.000000,0.000000,0.000000,
 0.000000,0.000000,0.000000,0.000000,0.000000,0.000000,
 0.000000,0.000000,0.000000,0.000000,0.000000,0.000000,
 0.000000,0.000000,0.000000,0.000000,0.000000,0.000000,
 0.000000,0.000000,0.000000,0.000000,0.000000,0.000000,
 0.000000,0.000000,0.000000,0.000000,0.000000,0.000000,
 0.000000,0.000000,0.000000,0.000000,0.000000,0.000000,
 0.000000,0.000000,0.000000,0.000000,0.000000,0.000000,
 0.000000,0.000000,0.000000,0.000000,0.000000,0.000000,
 0.000000,0.000000,0.000000,0.000000,0.000000,0.000000,
 0.000000,0.000000,0.000000,0.000000,0.000000,0.000000,
 0.000000,0.000000,0.000000,0.000000,0.000000,0.000000,
 0.000000,0.000000,0.000000,0.000000,0.000000,0.000000,
 0.000000,0.000000,0.000000,0.000000,0.000000,0.000000,
 0.000000,0.000000,0.000000,0.000000,0.000000,0.000000,
 0.000000,0.000000,0.000000,0.000000,0.000000,0.000000,
 0.000000,0.000000,0.000000,0.000000,0.000000,0.000000,
 0.000000,0.000000,0.000000,0.000000,0.000000,0.000000,
 0.000000,0.000000,0.000000,0.000000,0.000000,0.000000,
 0.000000,0.000000,0.000000,0.000000,0.000000,0.000000,
 0.000000,0.000000,0.000000,0.000000,0.000000,0.000000,
 0.000000,0.000000,0.000000,0.000000,0.000000,0.000000,
 0.000000,0.000000,0.000000,0.000000,0.000000,0.000000,
 0.000000,0.000000,0.000000,0.000000,0.000000,0.000000,
 0.000000,0.000000,0.000000,0.000000,0.000000,0.000000,
 0.000000,0.000000,0.000000,0.000000,0.000000,0.000000,
 0.000000,0.000000,0.000000,0.000000,0.000000,0.000000,
 0.000000,0.000000,0.000000,0.000000,0.000000,0.000000,
 0.000000,0.000000,0.000000,0.000000,0.000000,0.000000,
 0.000000,0.000000,0.000000,0.000000,0.000000,0.000000,
 0.000000,0.000000,0.000000,0.000000,0.000000,0.000000,
 0.000000,0.000000,0.000000,0.000000,0.000000,0.000000,
 0.000000,0.000000,0.000000,0.000000,0.000000,0.000000,
 0.000000,0.000000,0.000000,0.000000,0.000000,0.000000,
 0.000000,0.000000,0.000000,0.000000,0.000000,0.000000,
 0.000000,0.000000,0.000000,0.000000,0.000000,0.000000,
 0.000000,0.000000,0.000000,0.000000,0.000000,0.000000,
 0.000000,0.000000,0.000000,0.000000,0.000000,0.000000,
 0.000000,0.000000,0.000000,0.000000,0.000000,0.000000,
 0.000000,0.000000,0.000000,0.000000,0.000000,0.000000,
 0.000000,0.000000,0.000000,0.000000,0.000000,0.000000,
 0.000000,0.000000,0.000000,0.000000,0.000000,0.000000,
 0.000000,0.000000,0.000000,0.000000,0.000000,0.000000,
 0.000000,0.000000,0.000000,0.000000,0.000000,0.000000,
 0.000000,0.000000,0.000000,0.000000,0.000000,0.000000,
 0.000000,0.000000,0.000000,0.000000,0.000000,0.000000,
 0.000000,0.000000,0.000000,0.000000,0.000000,0.000000,
 0.000000,0.000000,0.000000,0.000000,0.000000,0.000000,
 0.000000,0.000000,0.000000,0.000000,0.000000,0.000000,
 0.000000,0.000000,0.000000,0.000000,0.000000,0.000000,
 0.000000,0.000000,0.000000,0.000000,0.000000,0.000000,
 0.000000,0.000000,0.000000,0.000000,0.000000,0.000000,
 0.000000,0.000000,0.000000,0.000000,0.000000,0.000000,
 0.000000,0.000000,0.000000,0.000000,0.000000,0.000000,
 0.000000,0.000000,0.000000,0.000000,0.000000,0.000000,
 0.000000,0.000000,0.000000,0.000000,0.000000,0.000000,
 0.000000,0.000000,0.000000,0.000000,0.000000,0.000000,
 0.000000,0.000000,0.000000,0.000000,0.000000,0.000000,
 0.000000,0.000000,0.000000,0.000000,0.000000,0.000000,
 0.000000,0.000000,0.000000,0.000000,0.000000,0.000000,
 0.000000,0.000000,0.000000,0.000000,0.000000,0.000000,
 0.000000,0.000000,0.000000,0.000000,0.000000,0.000000,
 0.000000,0.000000,0.000000,0.000000,0.000000,0.000000,
 0.000000,0.000000,0.000000,0.000000,0.000000,0.000000,
 0.000000,0.000000,0.000000,0.000000,0.000000,0.000000,
 0.000000,0.000000,0.000000,0.000000,0.000000,0.000000,
 0.000000,0.000000,0.000000,0.000000,0.000000,0.000000,
 0.000000,0.000000,0.000000,0.000000,0.000000,0.000000,
 0.000000,0.000000,0.000000,0.000000,0.000000,0.000000,
 0.000000,0.000000,0.000000,0.000000,0.000000,0.000000,
 0.000000,0.000000,0.000000,0.000000,0.000000,0.000000,
 0.000000,0.000000,0.000000,0.000000,0.000000,0.000000,
 0.000000,0.000000,0.000000,0.000000,0.000000,0.000000,
 0.000000,0.000000,0.000000,0.000000,0.000000,0.000000,
 0.000000,0.000000,0.000000,0.000000,0.000000,0.000000,
 0.000000,0.000000,0.000000,0.000000,0.000000,0.000000,
 0.000000,0.000000,0.000000,0.000000,0.000000,0.000000,
 0.000000,0.000000,0.000000,0.000000,0.000000,0.000000,
 0.000000,0.000000,0.000000,0.000000,0.000000,0.000000,
 0.000000,0.000000,0.000000,0.000000,0.000000,0.000000,
 0.000000,0.000000,0.000000,0.000000,0.000000,0.000000,
 0.000000,0.000000,0.000000,0.000000,0.000000,0.000000,
 0.000000,0.000000,0.000000,0.000000,0.000000,0.000000,
 0.000000,0.000000,0.000000,0.000000,0.000000,0.000000,
 0.000000,0.000000,0.000000,0.000000,0.000000,0.000000,
 0.000000,0.000000,0.000000,0.000000,0.000000,0.000000,
 0.000000,0.000000,0.000000,0.000000,0.000000,0.000000,
 0.000000,0.000000,0.000000,0.000000,0.000000,0.000000,
 0.000000,0.000000,0.000000,0.000000,0.000000,0.000000,
 0.000000,0.000000,0.000000,0.000000,0.000000,0.000000,
 0.000000,0.000000,0.000000,0.000000,0.000000,0.000000,
 0.000000,0.000000,0.000000,0.000000,0.000000,0.000000,
 0.000000,0.000000,0.000000,0.000000,0.000000,0.000000,
 0.000000,0.000000,0.000000,0.000000,0.000000,0.000000,
 0.000000,0.000000,0.000000,0.000000,0.000000,0.000000,
 0.000000,0.000000,0.000000,0.000000,0.000000,0.000000,
 0.000000,0.000000,0.000000,0.000000,0.000000,0.000000,
 0.000000,0.000000,0.000000,0.000000,0.000000,0.000000,
 0.000000,0.000000,0.000000,0.000000,0.000000,0.000000,
 0.000000,0.000000,0.000000,0.000000,0.000000,0.000000,
 0.000000,0.000000,0.000000,0.000000,0.000000,0.000000,
 0.000000,0.000000,0.000000,0.000000,0.000000,0.000000,
 0.000000,0.000000,0.000000,0.000000,0.000000,0.000000,
 0.000000,0.000000,0.000000,0.000000,0.000000,0.000000,
 0.000000,0.000000,0.000000,0.000000,0.000000,0.000000,
 0.000000,0.000000,0.000000,0.000000,0.000000,0.000000,
 0.000000,0.000000,0.000000,0.000000,0.000000,0.000000,
 0.000000,0.000000,0.000000,0.000000,0.000000,0.000000,
 0.000000,0.000000,0.000000,0.000000,0.000000,0.000000,
 0.000000,0.000000,0.000000,0.000000,0.000000,0.000000,
 0.000000,0.000000,0.000000,0.000000,0.000000,0.000000,
 0.000000,0.000000,0.000000,0.000000,0.000000,0.000000,
 0.000000,0.000000,0.000000,0.000000,0.000000,0.000000,
 0.000000,0.000000,0.000000,0.000000,0.000000,0.000000,
 0.000000,0.000000,0.000000,0.000000,0.000000,0.000000,
 0.000000,0.000000,0.000000,0.000000,0.000000,0.000000,
 0.000000,0.000000,0.000000,0.000000,0.000000,0.000000,
 0.000000,0.000000,0.000000,0.000000,0.000000,0.000000,
 0.000000,0.000000,0.000000,0.000000,0.000000,0.000000,
 0.000000,0.000000,0.000000,0.000000,0.000000,0.000000,
 0.000000,0.000000,0.000000,0.000000,0.000000,0.000000,
 0.000000,0.000000,0.000000,0.000000,0.000000,0.000000,
 0.000000,0.000000,0.000000,0.000000,0.000000,0.000000,
 0.000000,0.000000,0.000000,0.000000,0.000000,0.000000,
 0.000000,0.000000,0.000000,0.000000,0.000000,0.000000,
 0.000000,0.000000,0.000000,0.000000,0.000000,0.000000,
 0.000000,0.000000,0.000000,0.000000,0.000000,0.000000,
 0.000000,0.000000,0.000000,0.000000,0.000000,0.000000,
 0.000000,0.000000,0.000000,0.000000,0.000000,0.000000,
 0.000000,0.000000,0.000000,0.000000,0.000000,0.000000,
 0.000000,0.000000,0.000000,0.000000,0.000000,0.000000,
 0.000000,0.000000,0.000000,0.000000,0.000000,0.000000,
 0.000000,0.000000,0.000000,0.000000,0.000000,0.000000,
 0.000000,0.000000,0.000000,0.000000,0.000000,0.000000,
 0.000000,0.000000,0.000000,0.000000,0.000000,0.000000,
 0.000000,0.000000,0.000000,0.000000,0.000000,0.000000,
 0.000000,0.000000,0.000000,0.000000,0.000000,0.000000,
 0.000000,0.000000,0.000000,0.000000,0.000000,0.000000,
 0.000000,0.000000,0.000000,0.000000,0.000000,0.000000,
 0.000000,0.000000,0.000000,0.000000,0.000000,0.000000,
 0.000000,0.000000,0.000000,0.000000,0.000000,0.000000,
 0.000000,0.000000,0.000000,0.000000,0.000000,0.000000,
 0.000000,0.000000,0.000000,0.000000,0.000000,0.000000,
 0.000000,0.000000,0.000000,0.000000,0.000000,0.000000,
 0.000000,0.000000,0.000000,0.000000,0.000000,0.000000,
 0.000000,0.000000,0.000000,0.000000,0.000000,0.000000,
 0.000000,0.000000,0.000000,0.000000,0.000000,0.000000,
 0.000000,0.000000,0.000000,0.000000,0.000000,0.000000,
 0.000000,0.000000,0.000000,0.000000,0.000000,0.000000,
 0.000000,0.000000,0.000000,0.000000,0.000000,0.000000,
 0.000000,0.000000,0.000000,0.000000,0.000000,0.000000,
 0.000000,0.000000,0.000000,0.000000,0.000000,0.000000,
 0.000000,0.000000,0.000000,0.000000,0.000000,0.000000,
 0.000000,0.000000,0.000000,0.000000,0.000000,0.000000,
 0.000000,0.000000,0.000000,0.000000,0.000000,0.000000,
 0.000000,0.000000,0.000000,0.000000,0.000000,0.000000,
 0.000000,0.000000,0.000000,0.000000,0.000000,0.000000,
 0.000000,0.000000,0.000000,0.000000,0.000000,0.000000,
 0.000000,0.000000,0.000000,0.000000,0.000000,0.000000,
 0.000000,0.000000,0.000000,0.000000,0.000000,0.000000,
 0.000000,0.000000,0.000000,0.000000,0.000000,0.000000,
 0.000000,0.000000,0.000000,0.000000,0.000000,0.000000,
 0.000000,0.000000,0.000000,0.000000,0.000000,0.000000,
 0.000000,0.000000,0.000000,0.000000,0.000000,0.000000,
 0.000000,0.000000,0.000000,0.000000,0.000000,0.000000,
 0.000000,0.000000,0.000000,0.000000,0.000000,0.000000,
 0.000000,0.000000,0.000000,0.000000,0.000000,0.000000,
 0.000000,0.000000,0.000000,0.000000,0.000000,0.000000,
 0.000000,0.000000,0.000000,0.000000,0.000000,0.000000,
 0.000000,0.000000,0.000000,0.000000,0.000000,0.000000,
 0.000000,0.000000,0.000000,0.000000,0.000000,0.000000,
 0.000000,0.000000,0.000000,0.000000,0.000000,0.000000,
 0.000000,0.000000,0.000000,0.000000,0.000000,0.000000,
 0.000000,0.000000,0.000000,0.000000,0.000000,0.000000,
 0.000000,0.000000,0.000000,0.000000,0.000000,0.000000,
 0.000000,0.000000,0.000000,0.000000,0.000000,0.000000,
 0.000000,0.000000,0.000000,0.000000,0.000000,0.000000,
 0.000000,0.000000,0.000000,0.000000,0.000000,0.000000,
 0.000000,0.000000,0.000000,0.000000,0.000000,0.000000,
 0.000000,0.000000,0.000000,0.000000,0.000000,0.000000,
 0.000000,0.000000,0.000000,0.000000,0.000000,0.000000,
 0.000000,0.000000,0.000000,0.000000,0.000000,0.000000,
 0.000000,0.000000,0.000000,0.000000,0.000000,0.000000,
 0.000000,0.000000,0.000000,0.000000,0.000000,0.000000,
 0.000000,0.000000,0.000000,0.000000,0.000000,0.000000,
 0.000000,0.000000,0.000000,0.000000,0.000000,0.000000,
 0.000000,0.000000,0.000000,0.000000,0.000000,0.000000,
 0.000000,0.000000,0.000000,0.000000,0.000000,0.000000,
 0.000000,0.000000,0.000000,0.000000,0.000000,0.000000,
 0.000000,0.000000,0.000000,0.000000,0.000000,0.000000,
 0.000000,0.000000,0.000000,0.000000,0.000000,0.000000,
 0.000000,0.000000,0.000000,0.000000,0.000000,0.000000,
 0.000000,0.000000,0.000000,0.000000,0.000000,0.000000,
 0.000000,0.000000,0.000000,0.000000,0.000000,0.000000,
 0.000000,0.000000,0.000000,0.000000,0.000000,0.000000,
 0.000000,0.000000,0.000000,0.000000,0.000000,0.000000,
 0.000000,0.000000,0.000000,0.000000,0.000000,0.000000,
 0.000000,0.000000,0.000000,0.000000,0.000000,0.000000,
 0.000000,0.000000,0.000000,0.000000,0.000000,0.000000,
 0.000000,0.000000,0.000000,0.000000,0.000000,0.000000,
 0.000000,0.000000,0.000000,0.000000,0.000000,0.000000,
 0.000000,0.000000,0.000000,0.000000,0.000000,0.000000,
 0.000000,0.000000,0.000000,0.000000,0.000000,0.000000,
 0.000000,0.000000,0.000000,0.000000,0.000000,0.000000,
 0.000000,0.000000,0.000000,0.000000,0.000000,0.000000,
 0.000000,0.000000,0.000000,0.000000,0.000000,0.000000,
 0.000000,0.000000,0.000000,0.000000,0.000000,0.000000,
 0.000000,0.000000,0.000000,0.000000,0.000000,0.000000,
 0.000000,0.000000,0.000000,0.000000,0.000000,0.000000,
 0.000000,0.000000,0.000000,0.000000,0.000000,0.000000,
 0.000000,0.000000,0.000000,0.000000,0.000000,0.000000,
 0.000000,0.000000,0.000000,0.000000,0.000000,0.000000,
 0.000000,0.000000,0.000000,0.000000,0.000000,0.000000,
 0.000000,0.000000,0.000000,0.000000,0.000000,0.000000,
 0.000000,0.000000,0.000000,0.000000,0.000000,0.000000,
 0.000000,0.000000,0.000000,0.000000,0.000000,0.000000,
 0.000000,0.000000,0.000000,0.000000,0.000000,0.000000,
 0.000000,0.000000,0.000000,0.000000,0.000000,0.000000,
 0.000000,0.000000,0.000000,0.000000,0.000000,0.000000,
 0.000000,0.000000,0.000000,0.000000,0.000000,0.000000,
 0.000000,0.000000,0.000000,0.000000,0.000000,0.000000,
 0.000000,0.000000,0.000000,0.000000,0.000000,0.000000,
 0.000000,0.000000,0.000000,0.000000,0.000000,0.000000,
 0.000000,0.000000,0.000000,0.000000,0.000000,0.000000,
 0.000000,0.000000,0.000000,0.000000,0.000000,0.000000,
 0.000000,0.000000,0.000000,0.000000,0.000000,0.000000,
 0.000000,0.000000,0.000000,0.000000,0.000000,0.000000,
 0.000000,0.000000,0.000000,0.000000,0.000000,0.000000,
 0.000000,0.000000,0.000000,0.000000,0.000000,0.000000,
 0.000000,0.000000,0.000000,0.000000,0.000000,0.000000,
 0.000000,0.000000,0.000000,0.000000,0.000000,0.000000,
 0.000000,0.000000,0.000000,0.000000,0.000000,0.000000,
 0.000000,0.000000,0.000000,0.000000,0.000000,0.000000,
 0.000000,0.000000,0.000000,0.000000,0.000000,0.000000,
 0.000000,0.000000,0.000000,0.000000,0.000000,0.000000,
 0.000000,0.000000,0.000000,0.000000,0.000000,0.000000,
 0.000000,0.000000,0.000000,0.000000,0.000000,0.000000,
 0.000000,0.000000,0.000000,0.000000,0.000000,0.000000,
 0.000000,0.000000,0.000000,0.000000,0.000000,0.000000,
 0.000000,0.000000,0.000000,0.000000,0.000000,0.000000,
 0.000000,0.000000,0.000000,0.000000,0.000000,0.000000,
 0.000000,0.000000,0.000000,0.000000,0.000000,0.000000,
 0.000000,0.000000,0.000000,0.000000,0.000000,0.000000,
 0.000000,0.000000,0.000000,0.000000,0.000000,0.000000,
 0.000000,0.000000,0.000000,0.000000,0.000000,0.000000,
 0.000000,0.000000,0.000000,0.000000,0.000000,0.000000,
 0.000000,0.000000,0.000000,0.000000,0.000000,0.000000,
 0.000000,0.000000,0.000000,0.000000,0.000000,0.000000,
 0.000000,0.000000,0.000000,0.000000,0.000000,0.000000,
 0.000000,0.000000,0.000000,0.000000,0.000000,0.000000,
 0.000000,0.000000,0.000000,0.000000,0.000000,0.000000,
 0.000000,0.000000,0.000000,0.000000,0.000000,0.000000,
 0.000000,0.000000,0.000000,0.000000,0.000000,0.000000,
 0.000000,0.000000,0.000000,0.000000,0.000000,0.000000,
 0.000000,0.000000,0.000000,0.000000,0.000000,0.000000,
 0.000000,0.000000,0.000000,0.000000,0.000000,0.000000,
 0.000000,0.000000,0.000000,0.000000,0.000000,0.000000,
 0.000000,0.000000,0.000000,0.000000,0.000000,0.000000,
 0.000000,0.000000,0.000000,0.000000,0.000000,0.000000,
 0.000000,0.000000,0.000000,0.000000,0.000000,0.000000,
 0.000000,0.000000,0.000000,0.000000,0.000000,0.000000,
 0.000000,0.000000,0.000000,0.000000,0.000000,0.000000,
 0.000000,0.000000,0.000000,0.000000,0.000000,0.000000,
 0.000000,0.000000,0.000000,0.000000,0.000000,0.000000,
 0.000000,0.000000,0.000000,0.000000,0.000000,0.000000,
 0.000000,0.000000,0.000000,0.000000,0.000000,0.000000,
 0.000000,0.000000,0.000000,0.000000,0.000000,0.000000,
 0.000000,0.000000,0.000000,0.000000,0.000000,0.000000,
 0.000000,0.000000,0.000000,0.000000,0.000000,0.000000,
 0.000000,0.000000,0.000000,0.000000,0.000000,0.000000,
 0.000000,0.000000,0.000000,0.000000,0.000000,0.000000,
 0.000000,0.000000,0.000000,0.000000,0.000000,0.000000,
 0.000000,0.000000,0.000000,0.000000,0.000000,0.000000,
 0.000000,0.000000,0.000000,0.000000,0.000000,0.000000,
 0.000000,0.000000,0.000000,0.000000,0.000000,0.000000,
 0.000000,0.000000,0.000000,0.000000,0.000000,0.000000,
 0.000000,0.000000,0.000000,0.000000,0.000000,0.000000,
 0.000000,0.000000,0.000000,0.000000,0.000000,0.000000,
 0.000000,0.000000,0.000000,0.000000,0.000000,0.000000,
 0.000000,0.000000,0.000000,0.000000,0.000000,0.000000,
 0.000000,0.000000,0.000000,0.000000,0.000000,0.000000,
 0.000000,0.000000,0.000000,0.000000,0.000000,0.000000,
 0.000000,0.000000,0.000000,0.000000,0.000000,0.000000,
 0.000000,0.000000,0.000000,0.000000,0.000000,0.000000,
 0.000000,0.000000,0.000000,0.000000,0.000000,0.000000,
 0.000000,0.000000,0.000000,0.000000,0.000000,0.000000,
 0.000000,0.000000,0.000000,0.000000,0.000000,0.000000,
 0.000000,0.000000,0.000000,0.000000,0.000000,0.000000,
 0.000000,0.000000,0.000000,0.000000,0.000000,0.000000,
 0.000000,0.000000,0.000000,0.000000,0.000000,0.000000,
 0.000000,0.000000,0.000000,0.000000,0.000000,0.000000,
 0.000000,0.000000,0.000000,0.000000,0.000000,0.000000,
 0.000000,0.000000,0.000000,0.000000,0.000000,0.000000,
 0.000000,0.000000,0.000000,0.000000,0.000000,0.000000,
 0.000000,0.000000,0.000000,0.000000,0.000000,0.000000,
 0.000000,0.000000,0.000000,0.000000,0.000000,0.000000,
